SRR22868042_1.fastq.gz	3658803387
SRR22868042_2.fastq.gz	3659530982
SRR22868043_1.fastq.gz	3260473244
SRR22868043_2.fastq.gz	3261832049
SRR22868044_1.fastq.gz	3277548414
SRR22868044_2.fastq.gz	3281451094
SRR22868045_1.fastq.gz	1965195500
SRR22868045_2.fastq.gz	1966953708
SRR22868046_1.fastq.gz	1779280975
SRR22868046_2.fastq.gz	1780324795
SRR22868047_1.fastq.gz	5299992841
SRR22868047_2.fastq.gz	5303861262
SRR22868048_1.fastq.gz	3343285281
SRR22868048_2.fastq.gz	3346398241
SRR22868049_1.fastq.gz	2002312706
SRR22868049_2.fastq.gz	2003983287
SRR22868050_1.fastq.gz	4122503954
SRR22868050_2.fastq.gz	4126466085
SRR22868051_1.fastq.gz	3948561941
SRR22868051_2.fastq.gz	3949601236
SRR22868052_1.fastq.gz	3251109362
SRR22868052_2.fastq.gz	3254079657
SRR22868053_1.fastq.gz	2096049059
SRR22868053_2.fastq.gz	2097777763
SRR22868054_1.fastq.gz	3488922883
SRR22868054_2.fastq.gz	3491304533
SRR22868055_1.fastq.gz	2044541451
SRR22868055_2.fastq.gz	2046249823
SRR22868056_1.fastq.gz	3767142571
SRR22868056_2.fastq.gz	3770027748
SRR22868057_1.fastq.gz	2034423914
SRR22868057_2.fastq.gz	2036421731
SRR22868058_1.fastq.gz	6852580253
SRR22868058_2.fastq.gz	6857052975
SRR22868059_1.fastq.gz	1716615623
SRR22868059_2.fastq.gz	1719007637
SRR22868060_1.fastq.gz	3296767221
SRR22868060_2.fastq.gz	3300415811
SRR22868061_1.fastq.gz	3807834064
SRR22868061_2.fastq.gz	3815503613
SRR22868062_1.fastq.gz	3702886361
SRR22868062_2.fastq.gz	3708260140
SRR22868063_1.fastq.gz	3857915263
SRR22868063_2.fastq.gz	3858644969
SRR22868064_1.fastq.gz	2561516028
SRR22868064_2.fastq.gz	2564425510
SRR22868065_1.fastq.gz	3459017896
SRR22868065_2.fastq.gz	3461209991
SRR22868066_1.fastq.gz	4112805250
SRR22868066_2.fastq.gz	4116219379
SRR22868067_1.fastq.gz	2497203816
SRR22868067_2.fastq.gz	2498980666
SRR22868068_1.fastq.gz	3542584240
SRR22868068_2.fastq.gz	3549210767
SRR22868069_1.fastq.gz	3240695333
SRR22868069_2.fastq.gz	3242203195
SRR22868070_1.fastq.gz	1641108145
SRR22868070_2.fastq.gz	1642277176
SRR22868071_1.fastq.gz	1942833839
SRR22868071_2.fastq.gz	1944562291
SRR22868072_1.fastq.gz	3401693870
SRR22868072_2.fastq.gz	3406377450
SRR22868073_1.fastq.gz	2149522382
SRR22868073_2.fastq.gz	2150950898
SRR22868074_1.fastq.gz	3609214693
SRR22868074_2.fastq.gz	3614041004
SRR22868075_1.fastq.gz	2012168957
SRR22868075_2.fastq.gz	2014007654
SRR22868076_1.fastq.gz	3623139337
SRR22868076_2.fastq.gz	3627151143
SRR22868077_1.fastq.gz	1948375719
SRR22868077_2.fastq.gz	1950271916
SRR22868078_1.fastq.gz	3196519286
SRR22868078_2.fastq.gz	3198361837
SRR22868079_1.fastq.gz	2481975231
SRR22868079_2.fastq.gz	2484591123
SRR22868080_1.fastq.gz	3501358422
SRR22868080_2.fastq.gz	3504312411
SRR22868081_1.fastq.gz	2123965873
SRR22868081_2.fastq.gz	2125949745
SRR22868082_1.fastq.gz	3448475799
SRR22868082_2.fastq.gz	3451195740
SRR22868083_1.fastq.gz	6767335604
SRR22868083_2.fastq.gz	6770893997
SRR22868084_1.fastq.gz	1889308900
SRR22868084_2.fastq.gz	1892211482
SRR22868085_1.fastq.gz	2289918555
SRR22868085_2.fastq.gz	2291669808
SRR22868086_1.fastq.gz	3848583569
SRR22868086_2.fastq.gz	3852783979
SRR22868087_1.fastq.gz	3256225206
SRR22868087_2.fastq.gz	3259460592
SRR22868088_1.fastq.gz	1712953058
SRR22868088_2.fastq.gz	1713982449
SRR22868089_1.fastq.gz	1655759715
SRR22868089_2.fastq.gz	1656192026
SRR22868090_1.fastq.gz	2280074855
SRR22868090_2.fastq.gz	2282224998
SRR22868091_1.fastq.gz	5596411991
SRR22868091_2.fastq.gz	5600102293
SRR22868092_1.fastq.gz	2697944550
SRR22868092_2.fastq.gz	2699932845
SRR22868093_1.fastq.gz	3633875958
SRR22868093_2.fastq.gz	3635227521
SRR22868094_1.fastq.gz	1793816252
SRR22868094_2.fastq.gz	1794573050
SRR22868095_1.fastq.gz	4073256270
SRR22868095_2.fastq.gz	4077648332
SRR22868096_1.fastq.gz	1898047227
SRR22868096_2.fastq.gz	1899454058
SRR22868097_1.fastq.gz	3289503739
SRR22868097_2.fastq.gz	3290868877
SRR22868098_1.fastq.gz	1744679768
SRR22868098_2.fastq.gz	1745203925
SRR22868099_1.fastq.gz	6905652195
SRR22868099_2.fastq.gz	6912844399
SRR22868100_1.fastq.gz	1608741952
SRR22868100_2.fastq.gz	1609686472
SRR22868101_1.fastq.gz	5829895360
SRR22868101_2.fastq.gz	5830313002
SRR22868102_1.fastq.gz	1864270244
SRR22868102_2.fastq.gz	1864221773
SRR22868103_1.fastq.gz	3780811706
SRR22868103_2.fastq.gz	3785400562
SRR22868104_1.fastq.gz	7883845034
SRR22868104_2.fastq.gz	7887249223
SRR22868105_1.fastq.gz	1635377090
SRR22868105_2.fastq.gz	1638339766
SRR22868106_1.fastq.gz	1932029391
SRR22868106_2.fastq.gz	1932285653
SRR22868107_1.fastq.gz	1750350526
SRR22868107_2.fastq.gz	1751121785
SRR22868108_1.fastq.gz	3275761626
SRR22868108_2.fastq.gz	3276263352
SRR22868109_1.fastq.gz	1800589838
SRR22868109_2.fastq.gz	1800229723
SRR22868110_1.fastq.gz	5078660830
SRR22868110_2.fastq.gz	5084179895
SRR22868111_1.fastq.gz	3309496547
SRR22868111_2.fastq.gz	3310221056
SRR22868112_1.fastq.gz	1671923443
SRR22868112_2.fastq.gz	1672200177
SRR22868113_1.fastq.gz	7519081574
SRR22868113_2.fastq.gz	7518885889
SRR22868114_1.fastq.gz	1717978086
SRR22868114_2.fastq.gz	1718123027
SRR22868115_1.fastq.gz	2098707200
SRR22868115_2.fastq.gz	2100688327
SRR22868116_1.fastq.gz	3500161958
SRR22868116_2.fastq.gz	3502089251
SRR22868117_1.fastq.gz	1831377372
SRR22868117_2.fastq.gz	1833737796
SRR22868118_1.fastq.gz	4062663454
SRR22868118_2.fastq.gz	4064566771
SRR22868119_1.fastq.gz	1809278959
SRR22868119_2.fastq.gz	1810901603
SRR22868120_1.fastq.gz	3685652179
SRR22868120_2.fastq.gz	3685621624
SRR22868121_1.fastq.gz	1674737484
SRR22868121_2.fastq.gz	1673533151
SRR22868122_1.fastq.gz	6535856516
SRR22868122_2.fastq.gz	6541993290
SRR22868123_1.fastq.gz	6621593656
SRR22868123_2.fastq.gz	6622208370
SRR22868124_1.fastq.gz	1852752496
SRR22868124_2.fastq.gz	1853096846
SRR22868125_1.fastq.gz	1761952985
SRR22868125_2.fastq.gz	1763173558
SRR22868126_1.fastq.gz	1747382515
SRR22868126_2.fastq.gz	1750171176
SRR22868127_1.fastq.gz	3780954717
SRR22868127_2.fastq.gz	3783307302
SRR22868128_1.fastq.gz	1670771847
SRR22868128_2.fastq.gz	1671156291
SRR22868129_1.fastq.gz	3547174937
SRR22868129_2.fastq.gz	3551160852
SRR22868130_1.fastq.gz	5468346125
SRR22868130_2.fastq.gz	5473418191
SRR22868131_1.fastq.gz	3165071629
SRR22868131_2.fastq.gz	3170320758
SRR22868132_1.fastq.gz	1795403508
SRR22868132_2.fastq.gz	1798052056
SRR22868133_1.fastq.gz	3754663773
SRR22868133_2.fastq.gz	3756855260
SRR22868134_1.fastq.gz	1604996873
SRR22868134_2.fastq.gz	1605437856
SRR22868135_1.fastq.gz	1806413639
SRR22868135_2.fastq.gz	1807603825
SRR22868136_1.fastq.gz	3256770935
SRR22868136_2.fastq.gz	3260956680
SRR22868137_1.fastq.gz	1693163062
SRR22868137_2.fastq.gz	1695088689
SRR22868138_1.fastq.gz	2139117902
SRR22868138_2.fastq.gz	2141327862
SRR22868139_1.fastq.gz	3595752753
SRR22868139_2.fastq.gz	3598962884
SRR22868140_1.fastq.gz	2042011190
SRR22868140_2.fastq.gz	2044110208
SRR22868141_1.fastq.gz	6392244746
SRR22868141_2.fastq.gz	6394759607
SRR22868142_1.fastq.gz	2099038997
SRR22868142_2.fastq.gz	2101443998
SRR22868143_1.fastq.gz	3411053709
SRR22868143_2.fastq.gz	3414025286
SRR22868144_1.fastq.gz	1755629198
SRR22868144_2.fastq.gz	1757154845
SRR22868145_1.fastq.gz	1818811054
SRR22868145_2.fastq.gz	1821396152
SRR22868146_1.fastq.gz	3971322664
SRR22868146_2.fastq.gz	3974627778
SRR22868147_1.fastq.gz	5459329777
SRR22868147_2.fastq.gz	5462746674
SRR22868148_1.fastq.gz	1788424685
SRR22868148_2.fastq.gz	1791096577
SRR22868149_1.fastq.gz	3880762440
SRR22868149_2.fastq.gz	3883355672
SRR22868150_1.fastq.gz	3241488714
SRR22868150_2.fastq.gz	3245077537
SRR22868151_1.fastq.gz	1627154777
SRR22868151_2.fastq.gz	1626813065
SRR22868152_1.fastq.gz	1830500335
SRR22868152_2.fastq.gz	1832468113
SRR22868153_1.fastq.gz	3326201185
SRR22868153_2.fastq.gz	3327840890
SRR22868154_1.fastq.gz	1610499725
SRR22868154_2.fastq.gz	1611151704
SRR22868155_1.fastq.gz	3514507478
SRR22868155_2.fastq.gz	3518572823
SRR22868156_1.fastq.gz	3719239676
SRR22868156_2.fastq.gz	3722517782
SRR22868157_1.fastq.gz	1972650765
SRR22868157_2.fastq.gz	1974534286
SRR22868158_1.fastq.gz	4043914065
SRR22868158_2.fastq.gz	4045092954
SRR22868159_1.fastq.gz	1754164748
SRR22868159_2.fastq.gz	1754909011
SRR22868160_1.fastq.gz	4531922470
SRR22868160_2.fastq.gz	4536457801
SRR22868161_1.fastq.gz	1778304735
SRR22868161_2.fastq.gz	1779610298
SRR22868162_1.fastq.gz	1929524765
SRR22868162_2.fastq.gz	1930895746
SRR22868163_1.fastq.gz	6473426137
SRR22868163_2.fastq.gz	6478158508
SRR22868164_1.fastq.gz	1700192422
SRR22868164_2.fastq.gz	1700494002
SRR22868165_1.fastq.gz	3367044323
SRR22868165_2.fastq.gz	3369493305
SRR22868166_1.fastq.gz	1792525604
SRR22868166_2.fastq.gz	1794754892
SRR22868167_1.fastq.gz	4065091637
SRR22868167_2.fastq.gz	4070100893
SRR22868168_1.fastq.gz	5608980421
SRR22868168_2.fastq.gz	5611983502
SRR22868169_1.fastq.gz	1739010261
SRR22868169_2.fastq.gz	1740720437
SRR22868170_1.fastq.gz	1677315217
SRR22868170_2.fastq.gz	1678253970
SRR22868171_1.fastq.gz	3200843815
SRR22868171_2.fastq.gz	3200978274
SRR22868172_1.fastq.gz	6046500121
SRR22868172_2.fastq.gz	6048217920
SRR22868173_1.fastq.gz	3346201603
SRR22868173_2.fastq.gz	3348584734
SRR22868174_1.fastq.gz	1745982557
SRR22868174_2.fastq.gz	1747067341
SRR22868175_1.fastq.gz	6033260627
SRR22868175_2.fastq.gz	6036258700
SRR22868176_1.fastq.gz	2139638680
SRR22868176_2.fastq.gz	2143514883
SRR22868177_1.fastq.gz	1775461383
SRR22868177_2.fastq.gz	1776128710
SRR22868178_1.fastq.gz	5686581822
SRR22868178_2.fastq.gz	5692474770
SRR22868179_1.fastq.gz	2158833992
SRR22868179_2.fastq.gz	2160810410
SRR22868180_1.fastq.gz	6653782405
SRR22868180_2.fastq.gz	6660288815
SRR22868181_1.fastq.gz	1769009669
SRR22868181_2.fastq.gz	1771060830
SRR22868182_1.fastq.gz	1945565326
SRR22868182_2.fastq.gz	1947196417
SRR22868183_1.fastq.gz	3610026801
SRR22868183_2.fastq.gz	3613997821
SRR22868184_1.fastq.gz	2212826592
SRR22868184_2.fastq.gz	2214282230
SRR22868185_1.fastq.gz	3959347575
SRR22868185_2.fastq.gz	3966151319
SRR22868186_1.fastq.gz	2038911311
SRR22868186_2.fastq.gz	2041062004
SRR22868187_1.fastq.gz	4678204812
SRR22868187_2.fastq.gz	4683691188
SRR22868188_1.fastq.gz	1945941854
SRR22868188_2.fastq.gz	1948042643
SRR22868189_1.fastq.gz	4837896391
SRR22868189_2.fastq.gz	4840875592
SRR22868190_1.fastq.gz	3223111296
SRR22868190_2.fastq.gz	3223437754
SRR22868191_1.fastq.gz	1591878688
SRR22868191_2.fastq.gz	1591383388
SRR22868192_1.fastq.gz	3241057236
SRR22868192_2.fastq.gz	3241635018
SRR22868193_1.fastq.gz	1740869622
SRR22868193_2.fastq.gz	1742714097
SRR22868194_1.fastq.gz	3660651707
SRR22868194_2.fastq.gz	3665487989
SRR22868195_1.fastq.gz	3757017285
SRR22868195_2.fastq.gz	3761840869
SRR22868196_1.fastq.gz	2276696132
SRR22868196_2.fastq.gz	2278923149
SRR22868197_1.fastq.gz	4085062380
SRR22868197_2.fastq.gz	4092223012
SRR22868198_1.fastq.gz	4303167920
SRR22868198_2.fastq.gz	4305206420
SRR22868199_1.fastq.gz	2483264765
SRR22868199_2.fastq.gz	2484875019
SRR22868200_1.fastq.gz	2354088047
SRR22868200_2.fastq.gz	2355188183
SRR22868201_1.fastq.gz	1691044865
SRR22868201_2.fastq.gz	1693335668
SRR22868202_1.fastq.gz	3186824817
SRR22868202_2.fastq.gz	3190203921
SRR22868203_1.fastq.gz	1934310017
SRR22868203_2.fastq.gz	1935976429
SRR22868204_1.fastq.gz	4128839373
SRR22868204_2.fastq.gz	4131186189
SRR22868205_1.fastq.gz	2274548609
SRR22868205_2.fastq.gz	2276034925
SRR22868206_1.fastq.gz	4071663691
SRR22868206_2.fastq.gz	4077165527
SRR22868207_1.fastq.gz	2036224209
SRR22868207_2.fastq.gz	2037834223
SRR22868208_1.fastq.gz	1954548996
SRR22868208_2.fastq.gz	1956178368
SRR22868209_1.fastq.gz	3622811084
SRR22868209_2.fastq.gz	3625586543
SRR22868210_1.fastq.gz	4374709815
SRR22868210_2.fastq.gz	4381361011
SRR22868211_1.fastq.gz	1972720879
SRR22868211_2.fastq.gz	1974289301
SRR22868212_1.fastq.gz	3334007605
SRR22868212_2.fastq.gz	3337175806
SRR22868213_1.fastq.gz	4236457710
SRR22868213_2.fastq.gz	4237608069
SRR22868214_1.fastq.gz	3584906255
SRR22868214_2.fastq.gz	3588611814
SRR22868215_1.fastq.gz	2930950762
SRR22868215_2.fastq.gz	2931445669
SRR22868216_1.fastq.gz	3583193736
SRR22868216_2.fastq.gz	3584781710
SRR22868217_1.fastq.gz	3243703677
SRR22868217_2.fastq.gz	3247200876
SRR22868218_1.fastq.gz	3266709633
SRR22868218_2.fastq.gz	3268295303
SRR22868219_1.fastq.gz	1810120748
SRR22868219_2.fastq.gz	1811600212
SRR22868220_1.fastq.gz	1641236149
SRR22868220_2.fastq.gz	1642645317
SRR22868221_1.fastq.gz	3316088444
SRR22868221_2.fastq.gz	3318036965
SRR22868222_1.fastq.gz	2619326837
SRR22868222_2.fastq.gz	2621504370
SRR22868223_1.fastq.gz	3596285753
SRR22868223_2.fastq.gz	3599195824
SRR22868224_1.fastq.gz	3375432491
SRR22868224_2.fastq.gz	3380214227
SRR22868225_1.fastq.gz	1679714839
SRR22868225_2.fastq.gz	1679784754
SRR22868226_1.fastq.gz	3227613847
SRR22868226_2.fastq.gz	3233624880
SRR22868227_1.fastq.gz	1622501906
SRR22868227_2.fastq.gz	1623599941
SRR22868228_1.fastq.gz	2034737770
SRR22868228_2.fastq.gz	2036050761
SRR22868229_1.fastq.gz	1832800572
SRR22868229_2.fastq.gz	1835263366
SRR22868230_1.fastq.gz	3303116624
SRR22868230_2.fastq.gz	3304486647
SRR22868231_1.fastq.gz	1792068355
SRR22868231_2.fastq.gz	1792964084
SRR22868232_1.fastq.gz	6699771830
SRR22868232_2.fastq.gz	6703390447
SRR22868233_1.fastq.gz	3332399294
SRR22868233_2.fastq.gz	3334073074
SRR22868234_1.fastq.gz	1613608985
SRR22868234_2.fastq.gz	1614315764
SRR22868235_1.fastq.gz	6392049608
SRR22868235_2.fastq.gz	6396179038
SRR22868236_1.fastq.gz	3882717577
SRR22868236_2.fastq.gz	3883333391
SRR22868237_1.fastq.gz	1831343760
SRR22868237_2.fastq.gz	1832708448
SRR22868238_1.fastq.gz	3231139753
SRR22868238_2.fastq.gz	3234200671
SRR22868239_1.fastq.gz	3560962540
SRR22868239_2.fastq.gz	3562465447
SRR22868240_1.fastq.gz	2111834456
SRR22868240_2.fastq.gz	2113778854
SRR22868241_1.fastq.gz	3219073884
SRR22868241_2.fastq.gz	3221493753
SRR22868242_1.fastq.gz	1740978612
SRR22868242_2.fastq.gz	1742365963
SRR22868243_1.fastq.gz	3595222294
SRR22868243_2.fastq.gz	3599355144
SRR22868244_1.fastq.gz	3963175475
SRR22868244_2.fastq.gz	3968779226
SRR22868245_1.fastq.gz	2085626974
SRR22868245_2.fastq.gz	2087832788
SRR22868246_1.fastq.gz	3617893983
SRR22868246_2.fastq.gz	3621556922
SRR22868247_1.fastq.gz	3841700610
SRR22868247_2.fastq.gz	3845232339
SRR22868248_1.fastq.gz	1744178071
SRR22868248_2.fastq.gz	1746590175
SRR22868249_1.fastq.gz	2056100615
SRR22868249_2.fastq.gz	2057863496
SRR22868250_1.fastq.gz	3205131886
SRR22868250_2.fastq.gz	3209900388
SRR22868251_1.fastq.gz	3353773716
SRR22868251_2.fastq.gz	3357553329
SRR22868252_1.fastq.gz	3679600689
SRR22868252_2.fastq.gz	3681043857
SRR22868253_1.fastq.gz	5752574130
SRR22868253_2.fastq.gz	5758839453
SRR22868254_1.fastq.gz	1900800652
SRR22868254_2.fastq.gz	1901407677
SRR22868255_1.fastq.gz	1598394287
SRR22868255_2.fastq.gz	1600078883
SRR22868256_1.fastq.gz	1749800063
SRR22868256_2.fastq.gz	1752612669
SRR22868257_1.fastq.gz	9098585648
SRR22868257_2.fastq.gz	9099884994
SRR22868258_1.fastq.gz	1633385292
SRR22868258_2.fastq.gz	1633188602
SRR22868259_1.fastq.gz	3711011986
SRR22868259_2.fastq.gz	3713230232
SRR22868260_1.fastq.gz	1657340824
SRR22868260_2.fastq.gz	1656785983
SRR22868261_1.fastq.gz	5779221915
SRR22868261_2.fastq.gz	5777606547
SRR22868262_1.fastq.gz	3745446655
SRR22868262_2.fastq.gz	3749179134
SRR22868263_1.fastq.gz	6408121084
SRR22868263_2.fastq.gz	6410589842
SRR22868264_1.fastq.gz	1819831723
SRR22868264_2.fastq.gz	1821365759
SRR22868265_1.fastq.gz	5374288048
SRR22868265_2.fastq.gz	5374326189
SRR22868266_1.fastq.gz	1984203550
SRR22868266_2.fastq.gz	1984831816
SRR22868267_1.fastq.gz	1725841257
SRR22868267_2.fastq.gz	1726076037
SRR22868268_1.fastq.gz	4870493219
SRR22868268_2.fastq.gz	4873661127
SRR22868269_1.fastq.gz	1657522617
SRR22868269_2.fastq.gz	1657453290
SRR22868270_1.fastq.gz	1821645683
SRR22868270_2.fastq.gz	1821530474
SRR22868271_1.fastq.gz	6030215397
SRR22868271_2.fastq.gz	6030770003
SRR22868272_1.fastq.gz	6644203961
SRR22868272_2.fastq.gz	6648719769
SRR22868273_1.fastq.gz	1772250174
SRR22868273_2.fastq.gz	1774446370
SRR22868274_1.fastq.gz	2351527479
SRR22868274_2.fastq.gz	2353099641
SRR22868275_1.fastq.gz	1759380807
SRR22868275_2.fastq.gz	1762824486
SRR22868276_1.fastq.gz	3748524824
SRR22868276_2.fastq.gz	3752951799
SRR22868277_1.fastq.gz	3320800684
SRR22868277_2.fastq.gz	3322833007
SRR22868278_1.fastq.gz	1857872026
SRR22868278_2.fastq.gz	1859211572
SRR22868279_1.fastq.gz	3801226932
SRR22868279_2.fastq.gz	3803047902
SRR22868280_1.fastq.gz	3231200328
SRR22868280_2.fastq.gz	3232170637
SRR22868281_1.fastq.gz	4026690170
SRR22868281_2.fastq.gz	4029291875
SRR22868282_1.fastq.gz	2137186472
SRR22868282_2.fastq.gz	2139070251
SRR22868283_1.fastq.gz	3526658506
SRR22868283_2.fastq.gz	3529547062
SRR22868284_1.fastq.gz	3402690230
SRR22868284_2.fastq.gz	3406582168
SRR22868285_1.fastq.gz	3950563955
SRR22868285_2.fastq.gz	3951970297
SRR22868286_1.fastq.gz	3367486127
SRR22868286_2.fastq.gz	3369276429
SRR22868287_1.fastq.gz	4753697056
SRR22868287_2.fastq.gz	4763798440
SRR22868288_1.fastq.gz	3529539679
SRR22868288_2.fastq.gz	3531688256
SRR22868289_1.fastq.gz	2331042100
SRR22868289_2.fastq.gz	2333448670
SRR22868290_1.fastq.gz	3748744125
SRR22868290_2.fastq.gz	3752219121
SRR22868291_1.fastq.gz	2048927123
SRR22868291_2.fastq.gz	2050091920
SRR22868292_1.fastq.gz	3585079099
SRR22868292_2.fastq.gz	3588711850
SRR22868293_1.fastq.gz	3398970846
SRR22868293_2.fastq.gz	3400112823
SRR22868294_1.fastq.gz	1788369414
SRR22868294_2.fastq.gz	1789344069
SRR22868295_1.fastq.gz	3577041124
SRR22868295_2.fastq.gz	3580791466
SRR22868296_1.fastq.gz	3313817695
SRR22868296_2.fastq.gz	3316196341
SRR22868297_1.fastq.gz	3901930960
SRR22868297_2.fastq.gz	3902919880
SRR22868298_1.fastq.gz	1692221120
SRR22868298_2.fastq.gz	1693717731
SRR22868299_1.fastq.gz	3452133624
SRR22868299_2.fastq.gz	3454511399
SRR22868300_1.fastq.gz	3630961747
SRR22868300_2.fastq.gz	3633739591
SRR22868301_1.fastq.gz	1999781437
SRR22868301_2.fastq.gz	2000889461
SRR22868302_1.fastq.gz	3876619554
SRR22868302_2.fastq.gz	3879697124
SRR22868303_1.fastq.gz	2031081840
SRR22868303_2.fastq.gz	2033109260
SRR22868304_1.fastq.gz	1708417864
SRR22868304_2.fastq.gz	1708039642
SRR22868305_1.fastq.gz	4354508736
SRR22868305_2.fastq.gz	4358069561
SRR22868306_1.fastq.gz	2039103464
SRR22868306_2.fastq.gz	2040724459
SRR22868307_1.fastq.gz	4472691173
SRR22868307_2.fastq.gz	4477435020
SRR22868308_1.fastq.gz	1943579133
SRR22868308_2.fastq.gz	1945882591
SRR22868309_1.fastq.gz	3284397605
SRR22868309_2.fastq.gz	3299516489
SRR22868310_1.fastq.gz	1865502573
SRR22868310_2.fastq.gz	1865898738
SRR22868311_1.fastq.gz	3237042011
SRR22868311_2.fastq.gz	3238901094
SRR22868312_1.fastq.gz	4505327752
SRR22868312_2.fastq.gz	4508507242
SRR22868313_1.fastq.gz	2121242040
SRR22868313_2.fastq.gz	2122836042
SRR22868314_1.fastq.gz	3039004052
SRR22868314_2.fastq.gz	3041654873
SRR22868315_1.fastq.gz	4223510161
SRR22868315_2.fastq.gz	4229145090
SRR22868316_1.fastq.gz	1781083466
SRR22868316_2.fastq.gz	1782588453
SRR22868317_1.fastq.gz	3461786994
SRR22868317_2.fastq.gz	3464439304
SRR22868318_1.fastq.gz	1744142039
SRR22868318_2.fastq.gz	1746543505
SRR22868319_1.fastq.gz	3379119359
SRR22868319_2.fastq.gz	3381881340
SRR22868320_1.fastq.gz	1717217349
SRR22868320_2.fastq.gz	1717652752
SRR22868321_1.fastq.gz	1738423130
SRR22868321_2.fastq.gz	1741048076
SRR22868322_1.fastq.gz	3382394561
SRR22868322_2.fastq.gz	3383768448
SRR22868323_1.fastq.gz	3448261571
SRR22868323_2.fastq.gz	3451468343
SRR22868324_1.fastq.gz	1639338313
SRR22868324_2.fastq.gz	1640651285
SRR22868325_1.fastq.gz	3530096267
SRR22868325_2.fastq.gz	3532025391
SRR22868326_1.fastq.gz	3401954943
SRR22868326_2.fastq.gz	3403580931
SRR22868327_1.fastq.gz	1847540836
SRR22868327_2.fastq.gz	1857379146
SRR22868328_1.fastq.gz	3184595266
SRR22868328_2.fastq.gz	3188345121
SRR22868329_1.fastq.gz	1841569377
SRR22868329_2.fastq.gz	1842794622
SRR22868330_1.fastq.gz	1815050488
SRR22868330_2.fastq.gz	1816470534
SRR22868331_1.fastq.gz	3351451033
SRR22868331_2.fastq.gz	3353746388
SRR22868332_1.fastq.gz	3409676002
SRR22868332_2.fastq.gz	3412673970
SRR22868333_1.fastq.gz	2216014855
SRR22868333_2.fastq.gz	2217777539
SRR22868334_1.fastq.gz	4091897183
SRR22868334_2.fastq.gz	4095427449
SRR22868335_1.fastq.gz	1683329557
SRR22868335_2.fastq.gz	1683469155
SRR22868336_1.fastq.gz	3294891925
SRR22868336_2.fastq.gz	3297430517
SRR22868337_1.fastq.gz	1611805771
SRR22868337_2.fastq.gz	1612932648
SRR22868338_1.fastq.gz	3630481335
SRR22868338_2.fastq.gz	3634724763
SRR22868339_1.fastq.gz	3242391821
SRR22868339_2.fastq.gz	3245508117
SRR22868340_1.fastq.gz	1894550012
SRR22868340_2.fastq.gz	1895642301
SRR22868341_1.fastq.gz	4084777789
SRR22868341_2.fastq.gz	4090615944
SRR22868342_1.fastq.gz	3262660998
SRR22868342_2.fastq.gz	3265037800
SRR22868343_1.fastq.gz	1663310661
SRR22868343_2.fastq.gz	1663998476
SRR22868344_1.fastq.gz	3864013793
SRR22868344_2.fastq.gz	3867424124
SRR22868345_1.fastq.gz	1654465522
SRR22868345_2.fastq.gz	1656042796
SRR22868346_1.fastq.gz	4313717610
SRR22868346_2.fastq.gz	4316775111
SRR22868347_1.fastq.gz	1763088522
SRR22868347_2.fastq.gz	1764005423
SRR22868348_1.fastq.gz	4224770715
SRR22868348_2.fastq.gz	4230374771
SRR22868349_1.fastq.gz	1875948691
SRR22868349_2.fastq.gz	1877839042
SRR22868350_1.fastq.gz	1678344026
SRR22868350_2.fastq.gz	1681522992
SRR22868351_1.fastq.gz	1657774821
SRR22868351_2.fastq.gz	1659443780
SRR22868352_1.fastq.gz	3796877277
SRR22868352_2.fastq.gz	3799515839
SRR22868353_1.fastq.gz	3387108865
SRR22868353_2.fastq.gz	3390188787
SRR22868354_1.fastq.gz	3850100133
SRR22868354_2.fastq.gz	3856392585
SRR22868355_1.fastq.gz	1674987156
SRR22868355_2.fastq.gz	1677816227
SRR22868356_1.fastq.gz	3418722162
SRR22868356_2.fastq.gz	3421844702
SRR22868357_1.fastq.gz	1671536883
SRR22868357_2.fastq.gz	1675060312
SRR22868358_1.fastq.gz	3250552140
SRR22868358_2.fastq.gz	3252822091
SRR22868359_1.fastq.gz	1760362544
SRR22868359_2.fastq.gz	1761457355
SRR22868360_1.fastq.gz	1730196166
SRR22868360_2.fastq.gz	1731391424
SRR22868361_1.fastq.gz	3193178586
SRR22868361_2.fastq.gz	3194715704
SRR22868362_1.fastq.gz	3284807618
SRR22868362_2.fastq.gz	3286918791
SRR22868363_1.fastq.gz	1836536409
SRR22868363_2.fastq.gz	1837528764
SRR22868364_1.fastq.gz	3212121412
SRR22868364_2.fastq.gz	3213340270
SRR22868365_1.fastq.gz	7715874778
SRR22868365_2.fastq.gz	7721617593
SRR22868366_1.fastq.gz	1612113979
SRR22868366_2.fastq.gz	1612362274
SRR22868367_1.fastq.gz	3611669425
SRR22868367_2.fastq.gz	3614395652
SRR22868368_1.fastq.gz	3843218891
SRR22868368_2.fastq.gz	3847989636
SRR22868369_1.fastq.gz	7154827062
SRR22868369_2.fastq.gz	7164022793
SRR22868370_1.fastq.gz	1856033814
SRR22868370_2.fastq.gz	1856166077
SRR22868371_1.fastq.gz	6060334239
SRR22868371_2.fastq.gz	6063321996
SRR22868372_1.fastq.gz	1648922828
SRR22868372_2.fastq.gz	1650063718
SRR22868373_1.fastq.gz	1627874220
SRR22868373_2.fastq.gz	1628549020
SRR22868374_1.fastq.gz	5703300997
SRR22868374_2.fastq.gz	5705330295
SRR22868375_1.fastq.gz	6228818660
SRR22868375_2.fastq.gz	6229271646
SRR22868376_1.fastq.gz	1809661674
SRR22868376_2.fastq.gz	1809775127
SRR22868377_1.fastq.gz	4830509122
SRR22868377_2.fastq.gz	4831928182
SRR22868378_1.fastq.gz	3321345493
SRR22868378_2.fastq.gz	3325619541
SRR22868379_1.fastq.gz	1990651811
SRR22868379_2.fastq.gz	1993666156
SRR22868380_1.fastq.gz	1840789278
SRR22868380_2.fastq.gz	1842519977
SRR22868381_1.fastq.gz	1793590739
SRR22868381_2.fastq.gz	1795053765
SRR22868382_1.fastq.gz	3433679079
SRR22868382_2.fastq.gz	3437439100
SRR22868383_1.fastq.gz	1972272343
SRR22868383_2.fastq.gz	1973634822
SRR22868384_1.fastq.gz	3784653752
SRR22868384_2.fastq.gz	3789513404
SRR22868385_1.fastq.gz	3204126771
SRR22868385_2.fastq.gz	3205842089
SRR22868386_1.fastq.gz	1811345872
SRR22868386_2.fastq.gz	1811545516
SRR22868387_1.fastq.gz	2007202281
SRR22868387_2.fastq.gz	2009662621
SRR22868388_1.fastq.gz	2069866528
SRR22868388_2.fastq.gz	2071450992
SRR22868389_1.fastq.gz	1803920231
SRR22868389_2.fastq.gz	1804578756
SRR22868390_1.fastq.gz	4096432213
SRR22868390_2.fastq.gz	4100328507
SRR22868391_1.fastq.gz	3229621693
SRR22868391_2.fastq.gz	3232645862
SRR22868392_1.fastq.gz	3800563712
SRR22868392_2.fastq.gz	3805963812
SRR22868393_1.fastq.gz	4109893420
SRR22868393_2.fastq.gz	4114386030
SRR22868394_1.fastq.gz	2306926182
SRR22868394_2.fastq.gz	2309236655
SRR22868395_1.fastq.gz	4445533883
SRR22868395_2.fastq.gz	4453252067
SRR22868396_1.fastq.gz	3917893288
SRR22868396_2.fastq.gz	3920803746
SRR22868397_1.fastq.gz	2035188947
SRR22868397_2.fastq.gz	2037299493
SRR22868398_1.fastq.gz	4013997200
SRR22868398_2.fastq.gz	4016778022
SRR22868399_1.fastq.gz	3304617980
SRR22868399_2.fastq.gz	3309687019
SRR22868400_1.fastq.gz	1677532651
SRR22868400_2.fastq.gz	1679070481
SRR22868401_1.fastq.gz	3246329228
SRR22868401_2.fastq.gz	3250611515
SRR22868402_1.fastq.gz	3544237652
SRR22868402_2.fastq.gz	3545009311
SRR22868403_1.fastq.gz	3609986420
SRR22868403_2.fastq.gz	3611593105
SRR22868404_1.fastq.gz	1732640500
SRR22868404_2.fastq.gz	1733770189
SRR22868405_1.fastq.gz	5946871093
SRR22868405_2.fastq.gz	5950805839
SRR22868406_1.fastq.gz	1923460113
SRR22868406_2.fastq.gz	1924705214
SRR22868407_1.fastq.gz	4741974179
SRR22868407_2.fastq.gz	4745320462
SRR22868408_1.fastq.gz	2050592855
SRR22868408_2.fastq.gz	2052563366
SRR22868409_1.fastq.gz	1872371349
SRR22868409_2.fastq.gz	1873560406
SRR22868410_1.fastq.gz	1698482682
SRR22868410_2.fastq.gz	1699880075
SRR22868411_1.fastq.gz	3509532194
SRR22868411_2.fastq.gz	3510653082
SRR22868412_1.fastq.gz	3378249031
SRR22868412_2.fastq.gz	3377904589
SRR22868413_1.fastq.gz	3546180899
SRR22868413_2.fastq.gz	3548440393
SRR22868414_1.fastq.gz	3323985335
SRR22868414_2.fastq.gz	3325924457
SRR22868415_1.fastq.gz	4159232755
SRR22868415_2.fastq.gz	4163777640
SRR22868416_1.fastq.gz	1793049727
SRR22868416_2.fastq.gz	1794607827
SRR22868417_1.fastq.gz	4616263143
SRR22868417_2.fastq.gz	4619021660
SRR22868418_1.fastq.gz	4050923162
SRR22868418_2.fastq.gz	4053990746
SRR22868419_1.fastq.gz	2307130123
SRR22868419_2.fastq.gz	2309070326
SRR22868420_1.fastq.gz	1889689202
SRR22868420_2.fastq.gz	1891037632
SRR22868421_1.fastq.gz	3413224837
SRR22868421_2.fastq.gz	3417413641
SRR22868422_1.fastq.gz	4355288437
SRR22868422_2.fastq.gz	4360557461
SRR22868423_1.fastq.gz	1986743027
SRR22868423_2.fastq.gz	1988825379
